salary,city,workYear,district,companySize,companyFullName,industryField,companyLabelList,positionLables,firstType,positionAdvantage,positionName,education,financeStage,createTime
15k-25k,上海,3-5年,浦东新区,15-50人,上海哈杜科技有限公司,金融,,"redis,",开发/测试/运维类,"公司氛围好,扁平管理,年度旅游,带薪年假",Python,本科,A轮,2017-12-20 09:47:31
15k-30k,上海,3-5年,杨浦区,少于15人,源杉信息技术（上海）有限公司,"数据服务,金融","股票期权,美女多,领导好,扁平管理,","后端开发,Shell,Java,分布式,架构,",开发/测试/运维类,"人工智能,股票激励,大牛团队,发展空间大",Python开发工程师,本科,天使轮,2017-12-21 09:04:32
15k-30k,上海,不限,杨浦区,500-2000人,无锡华云数据技术服务有限公司,"移动互联网,数据服务","节日礼物,带薪年假,岗位晋升,扁平管理,","云计算,php,Java,",技术,绩效奖金 年终奖 五险一金 双休,Python,本科,D轮及以上,2017-12-20 09:29:08
10k-20k,上海,1-3年,浦东新区,15-50人,飞榴（上海）信息科技有限公司,"移动互联网,数据服务","带薪年假,股票期权,绩效奖金,五险一金,","全栈,大数据,Java,",开发/测试/运维类,"技术挑战大,团队协作好,工作环境佳,个人成长快",Python开发工程师,本科,A轮,2017-12-20 21:41:36
10k-16k,上海,1-3年,普陀区,500-2000人,上海帝联信息科技股份有限公司,移动互联网,"节日礼物,技能培训,带薪年假,绩效奖金,","云计算,高级,docker,OpenStack,django,",开发/测试/运维类,"办公环境好,技术大咖多,晋升空间大,同事友好",Python开发工程师,本科,D轮及以上,2017-12-20 09:55:42
20k以上,上海,不限,徐汇区,150-500人,竹间智能科技（上海）有限公司,"移动互联网,其他","年底双薪,股票期权,带薪年假,绩效奖金,",,开发/测试/运维类,发展空间大 期权激励 弹性工作,Python 开发工程师,本科,B轮,2017-12-20 17:58:34
20k-35k,上海,3-5年,浦东新区,150-500人,上海基分文化传播有限公司,移动互联网,,"爬虫,",开发/测试/运维类,"六险一金,餐补,平均15薪,不打卡",Python开发工程师,大专,不需要融资,2017-12-20 18:31:43
10k-20k,上海,1-3年,浦东新区,15-50人,上海微麦电子商务发展有限公司,"移动互联网,电子商务","五险一金,带薪年假,绩效奖金,年终分红,","电商,",开发/测试/运维类,"牛人引领,不打卡,薪资高,氛围好",python,本科,A轮,2017-12-20 14:39:45
10k-15k,上海,1-3年,闸北区,15-50人,上海猫空信息技术有限公司,"移动互联网,社交网络","年底双薪,股票期权,年度旅游,扁平管理,","云计算,Java,",开发/测试/运维类,"福利好,发展空间大,年度旅游",Python,本科,A轮,2017-12-20 11:19:14
10k-15k,上海,不限,长宁区,500-2000人,瞬联软件科技（北京）有限公司,"移动互联网 ,企业服务","高薪,节日礼物,弹性工作,带薪年假,","后端开发,自动化,",开发/测试/运维类,五险一金、弹性工作制、带薪年假、内部培训,python开发工程师,本科,不需要融资,2017-12-19 11:33:52
6k-10k,上海,3-5年,浦东新区,150-500人,苏州博纳讯动软件有限公司,"移动互联网,企业服务","凝聚力强,客户群广,发展迅速,团队年轻,","云计算,linux,",开发/测试/运维类,"五险一金,加班补助,弹性工作,绩效奖金",Python开发工程师,本科,B轮,2017-12-19 10:43:58
15k-25k,上海,3-5年,徐汇区,500-2000人,上海青客公共租赁住房租赁经营管理股份有限公司,"移动互联网,O2O","技能培训,年底双薪,专项奖金,股票期权,","云计算,高级,大数据,数据分析,数据挖掘,",开发/测试/运维类,年终奖，加班补贴，工作环境,python工程师,本科,C轮,2017-12-20 10:26:03
15k-25k,上海,5-10年,浦东新区,500-2000人,上海阅文信息技术有限公司,移动互联网,"年终分红,年底双薪,五险一金,交通补助,","资深,高级,",开发/测试/运维类,"团队好,发展快,福利全",Python开发工程师,本科,上市公司,2017-12-20 11:40:09
15K-25K,上海,3-5年,闵行区,50-150人,上海果雪信息科技有限公司,移动互联网,"年底双薪,带薪年假,午餐补助,通讯津贴,","电商,中级,软件开发,Ruby,",开发/测试/运维类,美女多、福利多、技牛、老板nice,python工程师,本科,A轮,2017-12-18 11:09:12
12k-18k,上海,1-3年,黄浦区,500-2000人,上海亮昕网络科技有限公司,"移动互联网,金融","年底双薪,股票期权,带薪年假,交通补助,","运维,linux,Shell,",开发/测试/运维类,"发展前景好,大牛云集,福利暖心,潜力无限",Python开发工程师,大专,A轮,2017-12-20 14:18:04
10k-20k,上海,1-3年,闵行区,150-500人,莉莉丝科技（上海）有限公司,"移动互联网,游戏","都是萌妹子,项目奖金,零食无限量,牛逼的同事,","广告营销,大数据,数据挖掘,hadoop,算法,",开发/测试/运维类,"五险一金,团建旅游,免费健身,年终奖",Python开发工程师,本科,不需要融资,2017-12-20 15:39:08
15k-30k,上海,5-10年,静安区,50-150人,千言信息技术（上海）有限公司,"电子商务,教育","股票期权,20天年假,高端医疗保险,学习基金计划,","教育,旅游,资深,高级,后端开发,",开发/测试/运维类,"国际团队,全球用户,在线教育,文化驱动",Python,本科,A轮,2017-12-20 10:39:05
20k-40k,上海,3-5年,徐汇区,150-500人,上海拿米金融信息服务有限公司,"移动互联网,金融","年底双薪,股票期权,带薪年假,通讯津贴,","爬虫,",开发/测试/运维类,"环境好,福利好",大数据应用工程师-Python,大专,不需要融资,2017-12-20 10:24:25
10k-20k,上海,1-3年,长宁区,15-50人,上海懿天网络科技有限公司,"移动互联网,文化娱乐","年底双薪,股票期权,帅哥多,扁平管理,","视频,资深,视觉,",开发/测试/运维类,"AI,扁平化,弹性工作制,交通方便",Python开发工程师,本科,天使轮,2017-12-19 11:44:32
15k-25k,上海,3-5年,闵行区,50-150人,上海果雪信息科技有限公司,移动互联网,"年底双薪,带薪年假,午餐补助,通讯津贴,","云计算,电商,Ruby,",开发/测试/运维类,"技术大牛,各类补贴,氛围好,年终奖金",Python开发,本科,A轮,2017-12-20 09:37:38
20k-30k,上海,3-5年,浦东新区,50-150人,内蒙古君正互联网小额贷款有些公司,金融,,"金融,资深,高级,中级,Java,",开发/测试/运维类,"团队氛围好,发展空间大",Python,本科,不需要融资,2017-12-20 09:27:32
15k-30k,上海,1-3年,闸北区,2000人以上,深圳市房多多网络科技有限公司,"移动互联网,O2O","节日礼物,带薪年假,扁平管理,美女多,","云计算,资深,高级,linux,OpenStack,系统工程师,",开发/测试/运维类,平台好，发展广阔，技术大牛多,Python研发工程师,本科,C轮,2017-12-20 09:16:51
15k-25k,上海,3-5年,闸北区,2000人以上,上海克而瑞软件技术有限公司,"移动互联网,电子商务","技能培训,岗位晋升,五险一金,14薪,","中级,php,MySQL,后端,",开发/测试/运维类,"Apach,Flask",Python开发工程师,本科,上市公司,2017-12-13 14:40:04
18k-28k,上海,3-5年,徐汇区,50-150人,上海壤歌市场营销策划有限公司,"移动互联网,企业服务","股票期权,绩效奖金,岗位晋升,扁平管理,",,技术,"技术氛围,技术驱动,弹性工作,文化年轻",资深Python工程师,本科,A轮,2017-12-20 10:50:43
10k-20k,上海,1-3年,浦东新区,150-500人,苏州博纳讯动软件有限公司,"移动互联网,企业服务","凝聚力强,客户群广,发展迅速,团队年轻,","云计算,linux,",开发/测试/运维类,"五险一金,绩效奖金,带薪病假,涨薪快",Python开发,本科,B轮,2017-12-19 10:43:59
18k-20k,上海,3-5年,杨浦区,150-500人,千寻位置网络有限公司,移动互联网,"节日礼物,股票期权,带薪年假,绩效奖金,",,开发/测试/运维类,阿里系薪资福利体系,Java/Python开发工程师,本科,不需要融资,2017-12-20 14:23:46
15k-25k,上海,3-5年,浦东新区,150-500人,上海驻云信息科技有限公司,"移动互联网,企业服务","股票期权,带薪年假,定期体检,年度旅游,",,开发/测试/运维类,"阿里云,晋升快,空间大",Python开发工程师,大专,C轮,2017-12-20 11:11:47
15k-25k,上海,1-3年,黄浦区,50-150人,上海谷露软件有限公司,"数据服务,招聘","团队融洽,股票期权,扁平管理,帅哥多,","php,Java,",开发/测试/运维类,"工程师文化,大牛,高薪",Python工程师,本科,A轮,2017-12-20 10:24:46
25k-35k,上海,5-10年,杨浦区,500-2000人,上海优刻得信息科技有限公司,"数据服务,企业服务","节日礼物,技能培训,股权激励计划,代码改变世界,","云计算,专家,Java,",开发/测试/运维类,"六险一金,弹性工作,年终旅游,技术挑战",资深Python开发工程师,本科,D轮及以上,2017-12-21 01:07:25
12k-22k,上海,3-5年,徐汇区,150-500人,上海迈外迪网络科技有限公司,"移动互联网,O2O","岗位晋升,技能培训,管理规范,领导好,",,技术,海量数据处理 架构设计,高级Python工程师,本科,D轮及以上,2017-12-20 10:52:57
12k-24k,上海,3-5年,徐汇区,50-150人,上海壤歌市场营销策划有限公司,"移动互联网,企业服务","股票期权,绩效奖金,岗位晋升,扁平管理,",,技术,"技术氛围,技术驱动,氛围年轻,福利多",Python,不限,A轮,2017-12-20 15:15:04
25k-35k,上海,5-10年,杨浦区,500-2000人,上海优刻得信息科技有限公司,"数据服务,企业服务","节日礼物,技能培训,股权激励计划,代码改变世界,","云计算,Java,",开发/测试/运维类,"六险一金,弹性工作,年终旅游,技术挑战",高级Python开发工程师,本科,D轮及以上,2017-12-21 01:07:25
15k-25k,上海,1-3年,浦东新区,50-150人,上海进馨网络科技有限公司,"移动互联网,教育","股票期权,岗位晋升,扁平管理,五险一金,","云计算,linux,php,Ruby,",技术,福利好、发展前景大、工作氛围好、妹子多,Python开发工程师,本科,B轮,2017-12-20 17:43:00
12k-24k,上海,3-5年,徐汇区,150-500人,上海众言网络科技有限公司,移动互联网,"技能培训,节日礼物,年底双薪,绩效奖金,","后端开发,Java,redis,",开发/测试/运维类,"五险一金,季度旅游,生日会,带薪年假",Python开发,本科,B轮,2017-12-20 11:00:30
25k-40k,上海,3-5年,徐汇区,2000人以上,北京爱奇艺科技有限公司,"广告营销,文化娱乐","绩效奖金,五险一金,交通补助,带薪年假,","直播,高级,django,",开发/测试/运维类,空间大,Python开发工程师,本科,D轮及以上,2017-12-20 10:21:18
15k-30k,上海,3-5年,徐汇区,50-150人,上海贝涛金融信息服务有限公司,金融,"节日礼物,年底双薪,专项奖金,带薪年假,","金融,后端开发,MySQL,redis,架构,",开发/测试/运维类,"商业保险,年度旅游,带薪年病假,弹性工作",高级Python研发工程师,本科,A轮,2017-12-19 09:54:19
15k-30k,上海,1-3年,虹口区,150-500人,通联数据股份公司,金融,"五险一金,通讯津贴,带薪年假,节日礼物,","云计算,软件开发,linux,Java,",开发/测试/运维类,"快速成长,薪资福利,行业大牛",python开发工程师,本科,不需要融资,2017-12-19 10:40:49
15k-22k,上海,1-3年,长宁区,50-150人,阿基米德（上海）传媒有限公司,"移动互联网,电子商务","年底双薪,带薪年假,绩效奖金,扁平管理,","云计算,linux,php,Java,解决方案,",技术,五险一金、补充公积金、13薪、饭贴,Python软件开发工程师,本科,B轮,2017-12-18 14:28:17
15k-30k,上海,3-5年,浦东新区,2000人以上,平安银行股份有限公司,金融,"带薪年假,午餐补助,定期体检,绩效奖金,","linux,OpenStack,",开发/测试/运维类,福利待遇佳,Python开发,本科,上市公司,2017-12-20 16:54:05
18k-25k,上海,3-5年,浦东新区,150-500人,上海爱福窝云技术有限公司,电子商务,"在线家装设计,年底双薪,五险一金,带薪年假,","高级,node.js,golang,",开发/测试/运维类,"午餐补助,绩效奖金,福利待遇好",Python开发工程师,本科,A轮,2017-12-14 13:39:02
12k-19k,上海,3-5年,浦东新区,500-2000人,深圳市紫川软件有限公司,"电子商务,金融","节日礼物,年底双薪,绩效奖金,岗位晋升,",,开发/测试/运维类,员工旅游 员工体检 五险一金,python开发工程师,大专,不需要融资,2017-12-21 08:28:08
10k-15k,上海,3-5年,杨浦区,15-50人,广州杰颉软件科技有限公司,"信息安全,数据服务","股票期权,绩效奖金,带薪年假,弹性工作,","Java,MySQL,",开发/测试/运维类,"发展空间大,公司氛围好,员工股权,管理规范",Python开发工程师,本科,A轮,2017-12-19 11:03:30
15k-30k,上海,5-10年,浦东新区,150-500人,上海基分文化传播有限公司,移动互联网,,"中级,爬虫,",开发/测试/运维类,发展空间,Python高级开发,本科,不需要融资,2017-12-19 11:40:16
10k-15k,上海,1-3年,浦东新区,150-500人,两鲜商贸（上海）有限公司,电子商务,"技能培训,节日礼物,带薪年假,岗位晋升,","电商,后端开发,php,Java,",开发/测试/运维类,"氛围轻松,大牛带教",Python 开发工程师,大专,A轮,2017-12-20 09:47:37
10k-16k,上海,1-3年,普陀区,150-500人,上海庆科信息技术有限公司,硬件,"互联网风口,物联网、高新,Wi-Fi,带薪年假,","linux,flask,django,",开发/测试/运维类,"发展空间大,晋升机会多",python开发工程师,本科,A轮,2017-12-20 10:02:21
15k-25k,上海,3-5年,杨浦区,500-2000人,上海优刻得信息科技有限公司,"数据服务,企业服务","节日礼物,技能培训,股权激励计划,代码改变世界,","云计算,Java,",开发/测试/运维类,"六险一金,弹性工作,年终旅游,技术挑战",中级Python开发工程师,本科,D轮及以上,2017-12-21 01:07:25
22k-35k,上海,3-5年,徐汇区,2000人以上,北京爱奇艺科技有限公司,"广告营销,文化娱乐","绩效奖金,五险一金,交通补助,带薪年假,","php,Java,",开发/测试/运维类,与有趣的人做有趣的事,Python高级开发工程师,本科,D轮及以上,2017-12-20 09:45:26
13k-23k,上海,3-5年,徐汇区,150-500人,上海好体信息科技有限公司,"移动互联网,电子商务","年底双薪,股票期权,扁平管理,领导好,","软件开发,大数据,Java,MySQL,",开发/测试/运维类,"免费午餐,交通方便",高级Python开发工程师,本科,B轮,2017-12-20 17:21:57
12k-20k,上海,1-3年,虹口区,15-50人,上海炫体信息科技有限公司,"移动互联网,社交网络","节日礼物,年底双薪,专项奖金,带薪年假,","云计算,软件开发,",开发/测试/运维类,"五险一金,氛围佳,年度旅游,福利好",Python（年轻人的狂欢）,大专,不需要融资,2017-12-20 09:16:09
15k-25k,上海,1-3年,普陀区,2000人以上,拉扎斯网络科技（上海）有限公司,移动互联网,"节日礼物,绩效奖金,年度旅游,岗位晋升,","资深,高级,",开发/测试/运维类,弹性工作 年终奖 学习空间 高并发,Python工程师,本科,D轮及以上,2017-12-20 15:44:57
12k-24k,上海,3-5年,徐汇区,150-500人,上海众言网络科技有限公司,移动互联网,"技能培训,节日礼物,年底双薪,绩效奖金,","资深,web,",开发/测试/运维类,"季度旅游,带薪年假,下午茶,股票期权",高级Python开发,大专,B轮,2017-12-20 11:00:11
12k-24k,上海,1-3年,杨浦区,50-150人,上海骞云信息科技有限公司,"企业服务,数据服务","年底双薪,股票期权,带薪年假,定期体检,","云计算,php,MySQL,后端,研发,",技术,初创团队，福利好，有股权激励,Python开发,本科,B轮,2017-12-20 09:28:09
12k-24k,上海,1-3年,浦东新区,150-500人,上海思华科技股份有限公司,移动互联网,"节日礼物,年底双薪,专项奖金,股票期权,","软件开发,php,MySQL,后端,",开发/测试/运维类,六险一金 带薪病事假 福利待遇优,Python工程师,本科,D轮及以上,2017-12-19 10:38:40
15k-30k,上海,3-5年,杨浦区,15-50人,亿可能源科技（上海）有限公司,"移动互联网,数据服务","技能培训,带薪年假,绩效奖金,岗位晋升,","后端开发,Java,MySQL,",开发/测试/运维类,技术大牛,Python,本科,A轮,2017-12-07 10:03:05
8k-10k,上海,1-3年,浦东新区,50-150人,达而观信息科技（上海）有限公司,移动互联网,"股票期权,扁平管理,领导好,大牛团队,","C/C++,Java,",开发/测试/运维类,"六险一金,12天年假,专业培训,专业提升",Python开发工程师,本科,A轮,2017-12-19 14:06:11
15k-25k,上海,3-5年,黄浦区,150-500人,上海阿牛信息科技有限公司,"金融,移动互联网","技能培训,节日礼物,岗位晋升,年度旅游,","金融,",技术,最in互联网财经新媒体，千万金融高端用户,高级Python开发工程师,本科,B轮,2017-12-20 10:11:27
8k-16k,上海,1-3年,嘉定区,2000人以上,上海齐家网信息科技股份有限公司,"O2O ,生活服务","午餐补助,带薪年假,绩效奖金,交通补助,",,技术,互联网公司 O2O行业 多轮风投,Python开发工程师,不限,D轮及以上,2017-12-11 17:10:47
20k-40k,上海,5-10年,杨浦区,少于15人,源杉信息技术（上海）有限公司,"数据服务,金融","股票期权,美女多,领导好,扁平管理,","硬件制造,资深,高级,Java,",开发/测试/运维类,"人工智能,股票激励,大牛团队,发展空间大",Python后端开发工程师,本科,天使轮,2017-12-20 16:06:22
12k-24k,上海,3-5年,浦东新区,150-500人,上海微汇金融信息服务有限公司,金融,"技能培训,节日礼物,专项奖金,带薪年假,","金融,大数据,量化,",开发/测试/运维类,"弹性工作,补充公积金,补充医疗",高级Python工程师,不限,A轮,2017-12-20 14:36:27
10k-15k,上海,1-3年,徐汇区,50-150人,上海壤歌市场营销策划有限公司,"移动互联网,企业服务","股票期权,绩效奖金,岗位晋升,扁平管理,","中级,爬虫,",开发/测试/运维类,"弹性上班,技术氛围,技术驱动,福利多多",python工程师,不限,A轮,2017-12-20 10:50:43
15k-25k,上海,1-3年,杨浦区,500-2000人,上海优刻得信息科技有限公司,"数据服务,企业服务","节日礼物,技能培训,股权激励计划,代码改变世界,","云计算,",开发/测试/运维类,"六险一金,弹性工作,年终旅游,技术挑战",初级Python开发工程师,本科,D轮及以上,2017-12-21 01:07:26
16k-32k,上海,3-5年,普陀区,2000人以上,拉扎斯网络科技（上海）有限公司,移动互联网,"节日礼物,绩效奖金,年度旅游,岗位晋升,","本地生活,",技术,中间件部门，底层开发，发展空间大,资深／高级Python工程师,本科,D轮及以上,2017-12-20 15:44:57
20k-35k,上海,5-10年,浦东新区,2000人以上,上海你我贷互联网金融信息服务有限公司,金融,"年底双薪,节日礼物,技能培训,绩效奖金,","云计算,linux,",开发/测试/运维类,公司待遇好,高级Python工程师,本科,未融资,2017-12-20 09:55:27
15k-25k,上海,3-5年,长宁区,2000人以上,携程计算机技术（上海）有限公司,"移动互联网,旅游","绩效奖金,股票期权,五险一金,交通补助,","云计算,软件开发,运维,OpenStack,",开发/测试/运维类,跟优秀的团队一起工作,Python开发工程师,本科,上市公司,2017-12-12 10:17:33
20k-40k,上海,3-5年,浦东新区,50-150人,上海亦存网络科技有限公司,"企业服务,数据服务","技能培训,专项奖金,绩效奖金,扁平管理,","云计算,Java,分布式,redis,",开发/测试/运维类,"技术大牛,团队氛围好,扁平管理",高级Python开发,本科,不需要融资,2017-12-19 09:26:45
10k-20k,上海,1-3年,长宁区,500-2000人,瞬联软件科技（北京）有限公司,"移动互联网 ,企业服务","高薪,节日礼物,弹性工作,带薪年假,","信息安全,linux,OpenStack,KVM,",开发/测试/运维类,"虚拟化,mano,跨国团队,heat",虚拟化开发Java/python,本科,不需要融资,2017-12-20 15:43:24
15k-30k,上海,5-10年,静安区,150-500人,深圳狗尾草智能科技有限公司,"移动互联网,O2O","年底双薪,股票期权,带薪年假,绩效奖金,","体育运动,后台,",开发/测试/运维类,"五险一金,年终多薪,车补餐补,项目奖金",高级Python开发工程师,本科,A轮,2017-12-18 11:04:03
18k-36k,上海,3-5年,杨浦区,50-150人,上海骞云信息科技有限公司,"企业服务,数据服务","年底双薪,股票期权,带薪年假,定期体检,","云计算,后端开发,Shell,redis,golang,",开发/测试/运维类,"大牛如云,云服务,病假年假,团建旅游",资深Python开发工程师,本科,B轮,2017-12-20 09:28:09
20k-35k,上海,3-5年,徐汇区,150-500人,上海拿米金融信息服务有限公司,"移动互联网,金融","年底双薪,股票期权,带薪年假,通讯津贴,","爬虫,",开发/测试/运维类,"环境佳,技术强,领导好",大数据应用工程师-Python,大专,不需要融资,2017-12-11 09:51:14
15k-30k,上海,3-5年,浦东新区,150-500人,上海数禾信息科技有限公司,"移动互联网,金融","股票期权,通讯津贴,交通补助,午餐补助,","金融,软件开发,",开发/测试/运维类,"移动金融,未来金矿,精英团队,助力成长",Python 高级开发工程师,本科,不需要融资,2017-12-20 09:09:56
10k-15k,上海,1-3年,徐汇区,15-50人,杭州轻触科技有限公司,"企业服务,移动互联网","年底双薪,带薪年假,节日礼物,领导好,",,技术,七险一金；双休；项目奖金；年终奖,Python开发工程师,本科,不需要融资,2017-12-15 10:21:31
10k-18k,上海,1-3年,闸北区,150-500人,智慧芽信息科技（苏州）有限公司,移动互联网,"技能培训,年底双薪,节日礼物,绩效奖金,","爬虫,SAAS,",开发/测试/运维类,"技术大牛,不打卡,外企",Python 开发工程师,本科,C轮,2017-12-20 09:14:32
15k-20k,上海,1-3年,闵行区,15-50人,上海云拿智能科技有限公司,移动互联网,"弹性工作,五险一金,股票期权,","C++,Java,算法,",开发/测试/运维类,"扁平化管理,领导好,氛围好,弹性工作",Python开发工程师,本科,天使轮,2017-12-15 19:50:47
20k-40k,上海,3-5年,长宁区,2000人以上,北京三快在线科技有限公司,"移动互联网,O2O","技能培训,绩效奖金,岗位晋升,领导好,",,开发/测试/运维类,"补充医保,股票期权,弹性工作,年终奖",资深python开发工程师,本科,D轮及以上,2017-12-01 16:51:48
10k-20k,上海,1-3年,静安区,50-150人,上海逗屋网络科技有限公司,游戏,,"游戏,后台,",开发/测试/运维类,"优势的项目,丰厚的薪资,雄厚的资金",Python工具开发工程师,本科,B轮,2017-12-20 10:43:47
10k-20k,上海,1-3年,长宁区,500-2000人,瞬联软件科技（北京）有限公司,"移动互联网 ,企业服务","高薪,节日礼物,弹性工作,带薪年假,","云计算,初级,",开发/测试/运维类,"虚拟化,云,VMS,shell",Mano/虚拟化/openstack/python,本科,不需要融资,2017-12-20 15:43:25
15k-25k,上海,3-5年,普陀区,2000人以上,拉扎斯网络科技（上海）有限公司,移动互联网,"节日礼物,绩效奖金,年度旅游,岗位晋升,","本地生活,",技术,团队氛围好,高级Python工程师,本科,D轮及以上,2017-12-20 15:44:57
20k-40k,上海,5-10年,浦东新区,50-150人,上海亦存网络科技有限公司,"企业服务,数据服务","技能培训,专项奖金,绩效奖金,扁平管理,","云计算,高级,后端开发,redis,",开发/测试/运维类,"偏平化管理,晋升空间,团队管理,丰厚的年终",资深Python/Java开发工程师,本科,不需要融资,2017-12-20 14:27:38
20k-30k,上海,5-10年,闸北区,150-500人,智慧芽信息科技（苏州）有限公司,移动互联网,"技能培训,年底双薪,节日礼物,绩效奖金,","资深,大数据,Java,",开发/测试/运维类,"弹性办公,团队管理,技术牛人,福利好",技术经理Python,本科,C轮,2017-12-20 09:14:32
15k-20k,上海,1-3年,闵行区,15-50人,上海云拿智能科技有限公司,移动互联网,"弹性工作,五险一金,股票期权,","C++,Java,算法,",开发/测试/运维类,"扁平化管理,领导好,氛围好,弹性工作",Python开发工程师,本科,天使轮,2017-12-15 19:50:47
20k-40k,上海,3-5年,长宁区,2000人以上,北京三快在线科技有限公司,"移动互联网,O2O","技能培训,绩效奖金,岗位晋升,领导好,",,开发/测试/运维类,"补充医保,股票期权,弹性工作,年终奖",资深python开发工程师,本科,D轮及以上,2017-12-01 16:51:48
10k-20k,上海,1-3年,静安区,50-150人,上海逗屋网络科技有限公司,游戏,,"游戏,后台,",开发/测试/运维类,"优势的项目,丰厚的薪资,雄厚的资金",Python工具开发工程师,本科,B轮,2017-12-20 10:43:47
20k-30k,上海,1-3年,徐汇区,150-500人,上海触乐信息科技有限公司,"移动互联网,数据服务","技能培训,节日礼物,股票期权,天台足球场,","高级,",开发/测试/运维类,"出海产品,6亿用户",后端开发工程师（Python）,本科,D轮及以上,2017-12-20 10:05:09
12k-20k,上海,1-3年,浦东新区,150-500人,上海爱福窝云技术有限公司,电子商务,"在线家装设计,年底双薪,五险一金,带薪年假,","node.js,后端,golang,",开发/测试/运维类,"午餐补助,平台好,股票期权",Python开发,本科,A轮,2017-12-14 13:39:03
16k-32k,上海,1-3年,长宁区,150-500人,再惠（上海）网络科技有限公司,"移动互联网,企业服务","午餐晚餐补助,领导亲和逗逼,丰厚股票期权,年底2-5薪,","本地生活,中级,大数据,php,Java,web,",开发/测试/运维类,硅谷文化；免费餐饮；期权激励；,后端（Python）开发工程师,本科,B轮,2017-12-20 11:18:50
15k-25k,上海,3-5年,,50-150人,互道信息技术（上海）有限公司,"移动互联网,电子商务","节日礼物,技能培训,年底双薪,绩效奖金,","云计算,大数据,Java,",技术,带薪年假 定期体检 弹性工作 领导好,Python开发,本科,A轮,2017-12-18 14:10:46
12k-24k,上海,3-5年,浦东新区,2000人以上,上海拍拍贷金融信息服务有限公司,金融,"绩效奖金,五险一金,带薪年假,午餐补助,","高级,",开发/测试/运维类,晋升空间大、福利好,python工程师,本科,上市公司,2017-11-27 17:38:45
10k-15k,上海,1-3年,黄浦区,50-150人,北京推想科技有限公司,"医疗健康,数据服务","午餐补助,股票期权,定期体检,弹性工作,","数据分析,数据挖掘,人工智能,爬虫,医疗健康,",开发/测试/运维类,"弹性工时,五险一金,团队牛逼,14薪",python工程师,大专,B轮,2017-12-20 10:33:50
20k-40k,上海,5-10年,杨浦区,少于15人,源杉信息技术（上海）有限公司,"数据服务,金融","股票期权,美女多,领导好,扁平管理,","云计算,资深,全栈,redis,",开发/测试/运维类,"人工智能,股票激励,大牛团队,发展空间大",Python后端开发,本科,天使轮,2017-12-21 09:04:32
10k-20k,上海,3-5年,闵行区,2000人以上,上海泛微网络科技股份有限公司,"移动互联网,企业服务","技能培训,带薪年假,绩效奖金,岗位晋升,","硬件制造,高级,中级,DBA,SQLServer,Oracle,",开发/测试/运维类,"上市公司,免费三餐,员工旅游,半年调薪",阿里云运维工程师（python）,本科,上市公司,2017-12-21 09:06:32
18k-25k,上海,3-5年,普陀区,2000人以上,拉扎斯网络科技（上海）有限公司,移动互联网,"节日礼物,绩效奖金,年度旅游,岗位晋升,","php,",开发/测试/运维类,主站平台，标配Mac，商业保险,资深Python工程师,本科,D轮及以上,2017-12-01 09:56:40
10k-20k,上海,3-5年,闵行区,2000人以上,上海泛微网络科技股份有限公司,"移动互联网,企业服务","技能培训,带薪年假,绩效奖金,岗位晋升,","硬件制造,高级,中级,DBA,SQLServer,Oracle,",开发/测试/运维类,"上市公司,免费三餐,员工旅游,半年调薪",阿里云运维工程师（python）,本科,上市公司,2017-12-21 09:06:32
10k-20k,上海,1-3年,闸北区,150-500人,智慧芽信息科技（苏州）有限公司,移动互联网,"技能培训,年底双薪,节日礼物,绩效奖金,","云计算,高级,机器学习,自然语言处理,",开发/测试/运维类,"弹性工作,晋升空间大,五险一金",Python后端开发工程师,本科,C轮,2017-12-20 09:14:32
15k-30k,上海,1-3年,长宁区,150-500人,再惠（上海）网络科技有限公司,"移动互联网,企业服务","午餐晚餐补助,领导亲和逗逼,丰厚股票期权,年底2-5薪,","本地生活,本地生活,大数据,团购,点评,",开发/测试/运维类,硅谷文化；免费餐饮；期权激励；,Python开发工程师,本科,B轮,2017-12-20 00:43:53
10k-20k,上海,1-3年,黄浦区,2000人以上,众安在线财产保险股份有限公司,金融,"定期体检,每天下午茶,六险一金,年度体检,",,开发/测试/运维类,互联网氛围 福利待遇好,Python工程师--爬虫方向,本科,上市公司,2017-12-15 14:54:55
11k-20k,上海,1-3年,浦东新区,500-2000人,上海店达信息技术有限公司,"电子商务,O2O","扁平管理,产品牛,晋升空间大,","云计算,后端开发,分布式,redis,",开发/测试/运维类,"五险一金,团建活动,技术牛",Python 研发工程师,本科,B轮,2017-12-20 12:38:52
10k-17k,上海,1-3年,浦东新区,500-2000人,深圳市雁联计算系统有限公司,金融,"节日礼物,技能培训,带薪年假,绩效奖金,","后端开发,",开发/测试/运维类,福利好、同事氛围融洽、职位晋升空间大,Python开发工程师,本科,不需要融资,2017-12-05 17:33:47
10k-20k,上海,1-3年,杨浦区,15-50人,上海墨沐金融信息服务有限公司,"移动互联网,金融","不差钱,经纬中国,核心竞争力,弹性工作,","金融,分布式,",开发/测试/运维类,"时间自由,技术先进,区块链",python 开发工程师,本科,A轮,2017-12-17 12:40:26
20k-30k,上海,1-3年,徐汇区,150-500人,上海触乐信息科技有限公司,"移动互联网,数据服务","技能培训,节日礼物,股票期权,天台足球场,","高级,",开发/测试/运维类,"出海产品,6亿用户",后端开发工程师（Python）,本科,D轮及以上,2017-12-20 10:05:09
10k-15k,上海,1-3年,普陀区,150-500人,舶乐蜜电子商务（上海）有限公司,"移动互联网,电子商务","股票期权,国际化团队,扁平管理,薪资高,","数据分析,数据挖掘,大数据,hadoop,",开发/测试/运维类,"高手众多,国际团队,晋升潜力大",Python工程师（数据方向）,本科,B轮,2017-12-19 09:31:52
10k-20k,上海,1-3年,徐汇区,150-500人,上海迈外迪网络科技有限公司,"移动互联网,O2O","岗位晋升,技能培训,管理规范,领导好,","php,后端,",开发/测试/运维类,"五险一金,团队氛围好,扁平化管理",高级Python开发,本科,D轮及以上,2017-12-20 10:52:57
10k-20k,上海,1-3年,静安区,50-150人,上海逗屋网络科技有限公司,游戏,,"web前端,",开发/测试/运维类,"雄厚的资金,MOBA,稳定的发展,优势的薪资",Python工具开发工程师,本科,B轮,2017-12-20 10:43:48
20k-40k,上海,3-5年,杨浦区,少于15人,源杉信息技术（上海）有限公司,"数据服务,金融","股票期权,美女多,领导好,扁平管理,","云计算,全栈,资深,",开发/测试/运维类,"人工智能,股票期权,大牛团队,发展空间大",Python后端开发,本科,天使轮,2017-12-18 11:17:20
15k-25k,上海,3-5年,黄浦区,2000人以上,上海厚本金融信息服务有限公司,金融,"技能培训,年底双薪,股票期权,带薪年假,","高级,爬虫,服务器端,自动化,",开发/测试/运维类,"技术前沿,优渥待遇,学习成长",Python/Go 运维开发工程师,本科,A轮,2017-12-21 09:06:05
15k-20k,上海,1-3年,长宁区,2000人以上,新思科技（上海）有限公司,"硬件,数据服务","绩效奖金,专项奖金,五险一金,带薪年假,","软件开发,EDA,",开发/测试/运维类,"公司好,福利好,环境好,领导好",C++、Python软件工程师,本科,上市公司,2017-12-19 17:06:22
15k-30k,上海,1-3年,普陀区,2000人以上,拉扎斯网络科技（上海）有限公司,移动互联网,"节日礼物,绩效奖金,年度旅游,岗位晋升,",,开发/测试/运维类,新业务、空间大；不打卡、定期团建和旅游,资深Python工程师,本科,D轮及以上,2017-12-10 13:25:27
16k-32k,上海,1-3年,长宁区,150-500人,再惠（上海）网络科技有限公司,"移动互联网,企业服务","午餐晚餐补助,领导亲和逗逼,丰厚股票期权,年底2-5薪,","本地生活,中级,大数据,php,Java,web,",开发/测试/运维类,硅谷文化；免费餐饮；期权激励；,后端（Python）开发工程师,本科,B轮,2017-12-20 11:18:50
10k-20k,上海,3-5年,松江区,500-2000人,上海巨人网络科技有限公司,游戏,"年底双薪,专项奖金,股票期权,绩效奖金,","高级,Java,MySQL,",开发/测试/运维类,一流的办公环境 发展平台 福利丰富,Python数据开发工程师,大专,上市公司,2017-12-19 11:03:37
10k-15k,上海,1-3年,普陀区,150-500人,舶乐蜜电子商务（上海）有限公司,"移动互联网,电子商务","股票期权,国际化团队,扁平管理,薪资高,","数据分析,数据挖掘,大数据,SQL,hadoop,",开发/测试/运维类,"高手众多,国际团队,晋升潜力大",数据工程师（Python）,大专,B轮,2017-12-19 09:31:53
14k-22k,上海,3-5年,虹口区,15-50人,欢唱网络科技（上海）有限公司,文化娱乐,"扁平管理,节日礼物,五险一金,年度旅游,","架构,",开发/测试/运维类,"晋升明确,前景无限,音乐项目,文娱行业",高级Python工程师,本科,B轮,2017-12-18 21:10:20
7k-12k,上海,1-3年,浦东新区,2000人以上,上海泛微网络科技股份有限公司,"移动互联网,企业服务","技能培训,带薪年假,绩效奖金,岗位晋升,","信息安全,linux,Nginx,系统工程师,",开发/测试/运维类,"半年调薪,三餐福利,专业培训,上市公司",运维工程师（python方向）,大专,上市公司,2017-12-16 09:24:14
15k-25k,上海,1-3年,浦东新区,500-2000人,达疆网络科技（上海）有限公司,O2O,"年底双薪,绩效奖金,岗位晋升,定期体检,","高级,中级,php,Java,web,",开发/测试/运维类,平台稳定，团队快速发展,后端python工程师,本科,D轮及以上,2017-12-20 15:48:08
10k-20k,上海,1-3年,虹口区,50-150人,上海市行知进修学院,教育,""""",","高级,中级,php,Java,后端,",开发/测试/运维类,"年轻有活力,为梦想而战,行业颠覆",Python程序员,本科,不需要融资,2017-12-19 15:35:18
10k-20k,上海,1-3年,黄浦区,2000人以上,众安在线财产保险股份有限公司,金融,"定期体检,每天下午茶,六险一金,年度体检,",,开发/测试/运维类,互联网氛围 福利待遇好,Python工程师--爬虫方向,不限,上市公司,2017-12-15 14:54:55
15k-20k,上海,1-3年,闵行区,少于15人,上海搜钢信息技术有限公司,"电子商务,企业服务",,"flask,elasticsearch,",开发/测试/运维类,"全栈文化,技术空间大,团队年轻",Python开发工程师,本科,未融资,2017-12-19 14:24:49
10k-15k,上海,不限,浦东新区,2000人以上,平安科技（深圳）有限公司,金融,"节日礼物,年度旅游,岗位晋升,技能培训,","金融,大数据,数据挖掘,算法,数据结构,",开发/测试/运维类,公司发展前景好，福利待遇好,Python开发工程师（上海）,本科,不需要融资,2017-12-15 10:26:30
15k-25k,上海,3-5年,虹口区,50-150人,宏居网络技术（上海）有限公司,移动互联网,"带薪年假,岗位晋升,扁平管理,美女多,","云计算,后端开发,",开发/测试/运维类,"氛围好,领导好,前景好",高级后端Python开发工程师,本科,B轮,2017-12-20 13:37:28
25k-45k,上海,3-5年,徐汇区,150-500人,上海触乐信息科技有限公司,"移动互联网,数据服务","技能培训,节日礼物,股票期权,天台足球场,","高级,服务器端,redis,",开发/测试/运维类,"十亿用户量,行业独角兽,大牛团队,环境极客",资深Python后端开发/架构师,本科,D轮及以上,2017-12-20 10:05:10
9k-18k,上海,1-3年,浦东新区,50-150人,上海中畅信息科技有限公司,"金融 ,数据服务","技能培训,年度旅游,岗位晋升,管理规范,","中级,初级,项目管理,OpenStack,",开发/测试/运维类,"五险一金,带薪年假,年度旅游,福利多",python工程师,本科,未融资,2017-11-30 09:56:49
10k-20k,上海,3-5年,浦东新区,2000人以上,平安银行股份有限公司,金融,"带薪年假,午餐补助,定期体检,绩效奖金,","运维,Java,MySQL,PostgreSQL,",开发/测试/运维类,优秀的团队技术氛围,工具开发工程师(Python),本科,上市公司,2017-12-20 16:54:05
16k-32k,上海,3-5年,长宁区,150-500人,再惠（上海）网络科技有限公司,"移动互联网,企业服务","午餐晚餐补助,领导亲和逗逼,丰厚股票期权,年底2-5薪,","资深,高级,中级,Java,",开发/测试/运维类,职位诱惑： 弹性工作制度，顶级VC,后端开发工程师（Python）,本科,B轮,2017-12-20 00:43:53
15k-25k,上海,3-5年,虹口区,50-150人,北京中证天通会计师事务所（特殊普通合伙）上海分所,企业服务,"扁平管理,领导好,节日礼物,弹性工作,","实习,后端,全栈,",开发/测试/运维类,"五险一金,人工智能,弹性工作制,美女众多",Python 开发工程师,本科,不需要融资,2017-11-29 17:27:39
15k-25k,上海,1-3年,徐汇区,500-2000人,上海客齐集信息技术有限公司,移动互联网,"节日礼物,带薪年假,租房津贴,妹纸美,","中级,初级,软件开发,web,",开发/测试/运维类,工程师文化 目标导向 福利待遇佳,python后端开发工程师,本科,上市公司,2017-12-19 10:30:35
15k-30k,上海,3-5年,浦东新区,15-50人,东吴在线（苏州）金融科技服务有限公司,"金融,移动互联网",,"资深,量化,",开发/测试/运维类,"券商系,陆家嘴办公,福利贴心,氛围好",高级Python工程师,本科,A轮,2017-12-15 18:28:16
10k-20k,上海,不限,徐汇区,15-50人,杭州轻触科技有限公司,"企业服务,移动互联网","年底双薪,带薪年假,节日礼物,领导好,","linux,运维,OpenStack,",开发/测试/运维类,"七险一金,老板惜才,福利丰厚,团队融洽",python开发工程师,大专,不需要融资,2017-12-15 10:21:32
7k-14k,上海,1-3年,浦东新区,50-150人,上海乐野网络科技有限公司,移动互联网,"年底双薪,带薪年假,午餐补助,专项奖金,","中级,Java,MySQL,",开发/测试/运维类,"广阔的前景,满意的薪酬,人性化管理,良好的氛围",python开发工程师,本科,未融资,2017-12-18 17:11:57
10k-20k,上海,3-5年,浦东新区,50-150人,上海中畅信息科技有限公司,"金融 ,数据服务","技能培训,年度旅游,岗位晋升,管理规范,","金融,Java,平台/后台,php,web,",开发/测试/运维类,"商业保险,年度体检,青春活力,活动丰富",Python工程师（互联网金融云平台开发）,本科,未融资,2017-12-14 14:50:18
25k-35k,上海,3-5年,普陀区,少于15人,上海卓年软件研发有限公司,移动互联网,"专项奖金,年度旅游,美女多,领导好,","资深,区块链,Java,OpenStack,",开发/测试/运维类,"区块链,待遇高,福利好",Python工程师,本科,A轮,2017-12-17 15:45:30
20k-40k,上海,1-3年,宝山区,500-2000人,北京千锋互联科技有限公司,移动互联网,"节日礼物,专项奖金,股票期权,带薪年假,","教育,高级,架构师,软件开发,运营,音视频,",开发/测试/运维类,"福利多多,时间灵活",python讲师,大专,A轮,2017-12-18 14:38:09
15k-25k,上海,3-5年,普陀区,2000人以上,拉扎斯网络科技（上海）有限公司,移动互联网,"节日礼物,绩效奖金,年度旅游,岗位晋升,","后端开发,基础设施,微服务,应用框架,",开发/测试/运维类,中间件 出国团建 带薪假 补充医疗,高级 Python 开发工程师 （服务框架开发）,本科,D轮及以上,2017-12-20 15:44:56
15k-20k,上海,1-3年,闵行区,15-50人,上海犇众信息技术有限公司,移动互联网,"节日礼物,股票期权,带薪年假,年度旅游,","信息安全,php,MySQL,",开发/测试/运维类,"弹性工作制,商业保险,公司旅游,年终奖金",Python开发工程师,大专,天使轮,2017-12-19 11:07:37
20k-40k,上海,5-10年,徐汇区,50-150人,斯干网络科技有限公司,"移动互联网,文化娱乐","节日礼物,股票期权,扁平管理,帅哥多,","node.js,Java,",开发/测试/运维类,"发展空间大,轻松氛围,福利多多",高级Python开发工程师,本科,B轮,2017-12-17 14:22:45
6k-12k,上海,1-3年,闵行区,2000人以上,上海泛微网络科技股份有限公司,"移动互联网,企业服务","技能培训,带薪年假,绩效奖金,岗位晋升,","信息安全,中级,linux,windows,Nginx,",开发/测试/运维类,"美味三餐,半年调薪,福利待遇佳",运维工程师（python自动化运维）,本科,上市公司,2017-12-20 09:25:46
12k-24k,上海,3-5年,杨浦区,15-50人,上海见寻文化创意有限公司,社交网络,"年底双薪,定期体检,带薪年假,","云计算,高级,php,Java,MySQL,",开发/测试/运维类,"弹性上下班,年终奖,团队有趣",Python 研发工程师,本科,天使轮,2017-12-18 15:37:33
15k-20k,上海,1-3年,浦东新区,500-2000人,上海幻电信息科技有限公司,"移动互联网,文化娱乐","带薪年假,绩效奖金,交通补助,午餐补助,","大数据,",技术,(゜-゜)つロ 乾杯~,PHP/Python研发工程师,本科,未融资,2017-12-20 11:29:49
10k-20k,上海,1-3年,静安区,50-150人,千言信息技术（上海）有限公司,"电子商务,教育","股票期权,20天年假,高端医疗保险,学习基金计划,","旅游,医疗健康,php,Java,Ruby,web,",开发/测试/运维类,"国际化团队,福利太多,企业文化,技术驱动",Python工程师,本科,A轮,2017-12-20 10:39:06
10k-15k,上海,1-3年,虹口区,150-500人,上海朋数信息科技有限公司,移动互联网,"年底双薪,绩效奖金,五险一金,弹性工作,","金融,初级,数据分析,大数据,算法,",开发/测试/运维类,"发展快,氛围好",python数据开发,本科,B轮,2017-12-20 10:31:54
18k-35k,上海,3-5年,黄浦区,15-50人,上海茗日智能科技有限公司,企业服务,"人工智能,影响行业,","架构师,服务器端,C++,Java,",开发/测试/运维类,"有难度,扩大知识域,发展前景广,AI相关",高级Python工程师,本科,天使轮,2017-12-07 19:51:25
15k-30k,上海,3-5年,浦东新区,15-50人,上海清源绿网科技有限公司,数据服务,"节日礼物,带薪年假,绩效奖金,扁平管理,",,开发/测试/运维类,"六险一金,餐补,弹性时间,年终奖",高级Python开发工程师,大专,天使轮,2017-12-18 14:13:41
15k-25k,上海,1-3年,宝山区,15-50人,上海守易信息科技有限公司,"移动互联网,电子商务",""""",","web,数据分析,全栈,区块链,大数据,",开发/测试/运维类,"期权奖励,五险一金,发展空间大,前沿技术",python高级工程师,本科,天使轮,2017-12-18 15:56:34
15k-30k,上海,3-5年,长宁区,50-150人,阿基米德（上海）传媒有限公司,"移动互联网,电子商务","年底双薪,带薪年假,绩效奖金,扁平管理,","数据分析,数据挖掘,机器学习,深度学习,人工智能,MySQL,",开发/测试/运维类,"福利好,学习机会多,补充公积金,商业保险",python高级大数据开发工程师,本科,B轮,2017-12-18 14:28:17
10k-15k,上海,1-3年,浦东新区,150-500人,上海数禾信息科技有限公司,"移动互联网,金融","股票期权,通讯津贴,交通补助,午餐补助,",,技术,移动金融，未来金矿；精英团队，助力成长！,Python 开发工程师,本科,不需要融资,2017-12-20 09:09:57
30k-40k,上海,5-10年,浦东新区,500-2000人,沪江教育科技（上海）股份有限公司,"移动互联网,教育","技能培训,节日礼物,年底双薪,专项奖金,","总监,资深,高级,linux,OpenStack,",开发/测试/运维类,上市前夜 弹性办公 周末双休,python架构师,大专,D轮及以上,2017-12-19 19:03:09
7k-12k,上海,1-3年,闵行区,2000人以上,上海泛微网络科技股份有限公司,"移动互联网,企业服务","技能培训,带薪年假,绩效奖金,岗位晋升,","信息安全,linux,系统工程师,",开发/测试/运维类,"绩效奖金,三餐福利,半年调薪,上市公司",运维工程师（python自动化运维）,本科,上市公司,2017-12-16 09:24:16
15k-20k,上海,3-5年,徐汇区,500-2000人,北京新锐互动商业网络有限公司上海分公司,"移动互联网,电子商务","节日礼物,技能培训,免费班车,绩效奖金,","大数据,Java,MySQL,",开发/测试/运维类,"待遇好,平台好",高级python开发工程师,本科,上市公司,2017-12-15 14:21:56
18k-35k,上海,3-5年,长宁区,2000人以上,北京三快在线科技有限公司,"移动互联网,O2O","技能培训,绩效奖金,岗位晋升,领导好,","架构师,服务器端,自动化,系统开发,",开发/测试/运维类,"大数据,海量用户,技术精英",Python开发主管/经理（运维开发）,本科,D轮及以上,2017-12-20 16:25:50
10k-20k,上海,1-3年,徐汇区,50-150人,竹筏科技（北京）有限公司,"移动互联网,社交网络","带薪年假,午餐补助,弹性工作,领导好,","web,后端,",开发/测试/运维类,"公司福利好,团队氛围佳",Python开发工程师,本科,不需要融资,2017-12-18 11:31:59
10k-20k,上海,1-3年,浦东新区,15-50人,上海酷犇网络科技有限公司,"移动互联网,金融",,"高级,node.js,Java,",开发/测试/运维类,"氛围轻松,充分自主,任性期权",python工程师,本科,天使轮,2017-12-18 14:11:25
15k-25k,上海,1-3年,闵行区,15-50人,上海云首信息科技有限公司,"数据服务,企业服务","绩效奖金,带薪年假,股票期权,定期体检,","云计算,中级,爬虫,php,Java,",开发/测试/运维类,"弹性工作,奋斗者团队,股权激励,共同成长",Python工程师,本科,未融资,2017-12-20 09:49:20
20k-30k,上海,3-5年,浦东新区,150-500人,上海库铭信息科技有限公司,"O2O,金融","技能培训,专项奖金,带薪年假,年度旅游,","资深,Java,MySQL,redis,",开发/测试/运维类,"缓存技术,Linux,WEB,爬虫",Python高级开发工程师,本科,天使轮,2017-12-18 10:13:21
12k-20k,上海,3-5年,静安区,50-150人,上海企企网络科技有限公司,移动互联网,,"软件开发,Java,",开发/测试/运维类,"地铁附近,周末双休,五险一金",Python/OpenERP,大专,天使轮,2017-12-19 14:30:44
10k-20k,上海,3-5年,长宁区,15-50人,上海麦色信息科技有限公司,"移动互联网,医疗健康","股票期权,绩效奖金,岗位晋升,扁平管理,","PHP,golang,",开发/测试/运维类,"行业大咖,餐补,弹性工作",python开发工程师,本科,天使轮,2017-12-12 11:41:40
10k-18k,上海,1-3年,,15-50人,上海智眠信息科技有限公司,"移动互联网,医疗健康","带薪年假,氛围轻松,美女多,老板nice,","php,Ruby,新机遇,大健康产业,新挑战,",技术,估值过亿 带薪年假 节假日福利,Python开发工程师,本科,A轮,2017-12-18 09:13:46
14k-28k,上海,1年以下,徐汇区,少于15人,上海硬咖网络科技有限公司,"数据服务,其他",,"后端开发,大数据,数据分析,数据挖掘,",开发/测试/运维类,"福利好,五险一金,环境好,交通方便",Python,不限,天使轮,2017-12-19 17:49:00
5k-10k,上海,不限,宝山区,15-50人,上海世昕软件股份有限公司,"企业服务,硬件","技能培训,节日礼物,股票期权,带薪年假,","云计算,Java,MySQL,",开发/测试/运维类,"技能培训,领导亲切,氛围轻松",Python开发工程师,本科,上市公司,2017-12-19 09:01:38
10k-20k,上海,3-5年,闵行区,15-50人,上海金戋信息科技有限公司,"移动互联网,游戏",,"支付,Java,",开发/测试/运维类,"员工旅游,下午茶福利,生日福利,定期体检",Python资深开发,本科,未融资,2017-12-05 10:41:01
15K-25K,上海,3-5年,浦东新区,少于15人,上海同瀛信息科技有限公司,"社交网络,金融",,"金融,社交,后端开发,node.js,web,",开发/测试/运维类,"创业公司,交通方便,不加班,金融科技",python后端工程师,本科,天使轮,2017-12-11 17:09:12
15k-25k,上海,3-5年,杨浦区,15-50人,上海犀语科技有限公司,"数据服务,金融",,"linux,后端,数据处理,爬虫,",开发/测试/运维类,"公司年假,车贴餐贴,弹性工作,通讯补贴",Python开发工程师,大专,天使轮,2017-12-14 14:51:39
12k-18k,上海,1-3年,静安区,15-50人,上海众端网络科技有限公司,"移动互联网,广告营销","绩效奖金,带薪年假,技能培训,弹性工作,","资深,后端开发,平台/后台,linux,Java,",开发/测试/运维类,"公司核心,晋升空间大,工作环境好",Python 开发工程师,大专,天使轮,2017-12-16 16:18:30
8k-16k,上海,1-3年,杨浦区,15-50人,上海海乂知信息科技有限公司,数据服务,,,开发/测试/运维类,"年底双薪,带薪休假,单独项目奖",Python开发工程师,本科,天使轮,2017-12-15 13:05:51
8k-15k,上海,1-3年,虹口区,50-150人,北京中证天通会计师事务所（特殊普通合伙）上海分所,企业服务,"扁平管理,领导好,节日礼物,弹性工作,","高级,全栈,node.js,MySQL,后端,",开发/测试/运维类,"五险一金,技术氛围好,CTO大牛,美女众多",Python工程师,本科,不需要融资,2017-11-29 17:27:42
5k-10k,上海,1-3年,浦东新区,50-150人,上海斯睿德信息技术有限公司,数据服务,"带薪年假,岗位晋升,年度旅游,扁平管理,","算法,数据挖掘,爬虫,",开发/测试/运维类,"爬虫,数据采集",Python 工程师,本科,C轮,2017-12-05 11:28:07
20k-40k,上海,5-10年,浦东新区,50-150人,互道信息技术（上海）有限公司,"移动互联网,电子商务","节日礼物,技能培训,年底双薪,绩效奖金,","云计算,大数据,Java,系统架构,",开发/测试/运维类,"技术前沿,大数据平台,人工智能,商业+技术",架构师(Python技术架构),本科,A轮,2017-12-18 14:10:46
10k-15k,上海,1-3年,,15-50人,上海烯牛信息技术有限公司,"金融,企业服务","年底双薪,股票期权,免费午餐晚餐,额外商业保险,","大数据,",技术,极速成长的创业团队,Python工程师,本科,天使轮,2017-12-18 09:49:58
18K-35K,上海,3-5年,闵行区,15-50人,橡乐网络科技（上海）有限公司,"企业服务,数据服务","绩效奖金,股票期权,五险一金,带薪年假,","后端开发,架构师,爬虫,大数据,机器学习,",开发/测试/运维类,阿里研发体系，大数据智能热点，竞争力薪酬,Python高级开发,本科,天使轮,2017-12-06 13:50:19
10k-20k,上海,1-3年,静安区,50-150人,上海企企网络科技有限公司,移动互联网,,"云计算,Java,",开发/测试/运维类,福利杠杠的,Python工程师,大专,天使轮,2017-12-19 14:30:44
8k-12k,上海,1-3年,徐汇区,15-50人,上海耕子教育科技有限公司,教育,"年底双薪,股票期权,带薪年假,专项奖金,","教育,动漫,k12,兴趣教育,音视频,",其他,"扁平化,弹性化工作",课程老师（python语言）,本科,天使轮,2017-12-20 10:15:53
9K-15K,上海,不限,普陀区,50-150人,上海竞界科技有限公司,数据服务,""""",","爬虫,hadoop,spark,storm,python获,爬虫框架,",开发/测试/运维类,计算机或相关专业的统招本科及以上学历,python软件工程师,本科,不需要融资,2017-12-05 17:48:03
15k-30k,上海,3-5年,浦东新区,50-150人,东吴在线(上海）金融信息服务有限公司,"移动互联网,金融","带薪年假,领导好,美女多,五险一金,","开发工程师,量化,",开发/测试/运维类,"券商系,陆家嘴办公,福利好,公司氛围好",高级Python工程师,本科,不需要融资,2017-11-30 11:23:25
6k-12k,上海,不限,松江区,15-50人,上海担路网络科技有限公司,"移动互联网,企业服务","年终分红,交通补助,定期体检,绩效奖金,","JavaScript,",技术,发展前景巨大,Python,不限,未融资,2017-11-27 13:49:16
15k-25k,上海,1-3年,静安区,500-2000人,北京国双科技有限公司,"数据服务,企业服务","年度旅游,节日礼物,年底双薪,带薪年假,","中级,算法,",开发/测试/运维类,六险一金、弹性工作、奖金丰厚、技术牛人多,机器学习工程师（Python）,本科,上市公司,2017-12-13 14:58:08
13K-25K,上海,1-3年,闵行区,15-50人,橡乐网络科技（上海）有限公司,"企业服务,数据服务","绩效奖金,股票期权,五险一金,带薪年假,","后端开发,全栈,大数据,机器学习,",开发/测试/运维类,阿里研发体系，大数据智能热点，竞争力薪酬,python开发工程师,本科,天使轮,2017-12-08 14:09:21
7k-12k,上海,1-3年,浦东新区,50-150人,升宝节能技术（上海）有限公司,"移动互联网,数据服务","绩效奖金,定期体检,弹性工作,温暖的大家庭,","运维,linux,node.js,",开发/测试/运维类,"绩效奖金,弹性工时,节日福利,五险一金",Python 后台工程师,不限,B轮,2017-12-19 10:47:00
8k-15k,上海,不限,徐汇区,500-2000人,上海复深蓝软件股份有限公司,"移动互联网,企业服务",,"web,服务器端,php,后端,网站开发,",开发/测试/运维类,"上市公司,发展空间大,平台大,领导好",Python中级开发工程师（编号02）,不限,上市公司,2017-12-11 11:10:53
12k-24k,上海,1-3年,长宁区,15-50人,上海合阔信息技术有限公司,"企业服务,移动互联网","年底双薪,带薪年假,定期体检,老板nice,","云计算,后端开发,爬虫,服务器端,GO,",开发/测试/运维类,"技术氛围好,团队牛X,公司产品棒,薪资待遇优",python开发工程师（SAAS云平台研发）,不限,A轮,2017-12-19 15:22:51
20k-30k,上海,5-10年,浦东新区,50-150人,上海橙金信息科技有限公司,"电子商务,O2O",,"云计算,Java,爬虫,",开发/测试/运维类,"大牛多,福利丰厚,氛围好",高级python开发工程师,大专,不需要融资,2017-11-21 15:24:42
9k-10k,上海,1-3年,杨浦区,2000人以上,上海诺亚金融服务有限公司,金融,"技能培训,节日礼物,绩效奖金,年度旅游,","深度学习,大数据,数据挖掘,",开发/测试/运维类,发展机会多,Python数据开发工程师,本科,上市公司,2017-12-13 09:55:24
8K-10K,上海,不限,徐汇区,少于15人,上海罗刻信息技术有限公司,教育,,,开发/测试/运维类,大神团队国内参赛先驱日薪报酬额外奖金,Python/Java 实习导师,本科,天使轮,2017-12-03 12:03:51
10k-20k,上海,1-3年,长宁区,15-50人,上海寰享网络科技有限公司,"旅游,数据服务",,"高级,后端开发,",开发/测试/运维类,Python,Python中级/Odoo开发,大专,未融资,2017-11-24 10:20:15
10K-20K,上海,1-3年,浦东新区,2000人以上,上海药明康德新药开发有限公司,医疗健康,"绩效奖金,股票期权,通讯津贴,定期体检,",".net,c#,Pyhon,",技术,基因组医学测序软件云存储数据平台奖金靠谱,Python Developer,本科,不需要融资,2017-12-18 16:27:36
9k-18k,上海,应届毕业生,松江区,15-50人,上海担路网络科技有限公司,"移动互联网,企业服务","年终分红,交通补助,定期体检,绩效奖金,",,技术,员工分红计划 高速成长,Python,本科,未融资,2017-11-27 13:49:17
8k-16k,上海,不限,闵行区,2000人以上,上海微创软件股份有限公司北京分公司,"移动互联网,电子商务","年底双薪,绩效奖金,免费班车,节日礼物,","云计算,C#/.NET,OpenStack,",开发/测试/运维类,"工作环境好,五险一金,班车,培训",C#/PHP/Java/Python开发支持工程师,本科,上市公司,2017-12-07 14:44:26
12k-24k,上海,3-5年,黄浦区,15-50人,上海展卷信息科技有限公司,"移动互联网,金融","带薪年假,扁平管理,领导好,弹性工作,","后端,Erlang,golang,",开发/测试/运维类,"股票期权,弹性工时,氛围好",高级Python软件工程师（服务端）,本科,A轮,2017-12-18 09:53:55
8k-16k,上海,不限,长宁区,15-50人,领翌（上海）科技有限公司,"移动互联网,教育","专项奖金,年底双薪,年终分红,带薪年假,","教育,k12,培训,编辑,音视频,",其他,"创业团队,发展空间大,弹性",Python课程开发/ 授课,本科,未融资,2017-12-20 10:49:52
15k-25k,上海,1-3年,闵行区,15-50人,上海新技实业有限公司,"移动互联网,硬件","技能培训,免费班车,岗位晋升,帅哥多,","资深,高级,中级,数据分析,服务器端,",开发/测试/运维类,"区块链,13薪+,澳洲",区块链 python 后台工程师,本科,未融资,2017-12-20 13:45:41
15k-25k,上海,不限,,15-50人,有获网络科技（上海）有限公司,"移动互联网,企业服务",,"直播,linux,",技术,工作氛围轻松、同事相处融洽,资深Python开发工程师,本科,未融资,2017-12-13 17:59:25
18k-35k,上海,3-5年,长宁区,50-150人,上海祺玖电子商务有限公司,"移动互联网,O2O",""""",","高级,中级,软件开发,linux,Java,",开发/测试/运维类,"web后台,高薪",python后台开发工程师,本科,不需要融资,2017-11-28 15:03:42
15k-20k,上海,1-3年,浦东新区,150-500人,乐荐信息科技（北京）有限公司,"移动互联网,企业服务","年底双薪,带薪年假,定期体检,年度旅游,","金融,中级,初级,后端开发,php,",开发/测试/运维类,"互联网,发展空间大,弹性福利,员工福利",Python web开发工程师,大专,不需要融资,2017-12-18 16:18:49
18k-36k,上海,3-5年,虹口区,150-500人,通联数据股份公司,金融,"五险一金,通讯津贴,带薪年假,节日礼物,",,开发/测试/运维类,"补充医疗,节假日津贴",软件开发工程师（Python/C++）,本科,不需要融资,2017-12-20 14:15:41
10k-20k,上海,1-3年,黄浦区,150-500人,上海佰晟通信息科技有限公司,"金融,移动互联网","股票期权,年底双薪,五险一金,通讯津贴,","云计算,Ruby,",开发/测试/运维类,"五险一金,补充医疗,年度旅游,通讯补贴",Python开发工程师(面向运维),本科,C轮,2017-12-01 09:39:39
12k-20k,上海,1-3年,黄浦区,15-50人,上海茗日智能科技有限公司,企业服务,"人工智能,影响行业,","智能硬件,中级,node.js,",开发/测试/运维类,"充分自主权,时间灵活,高速成长,朝阳行业",Python后端工程师,本科,天使轮,2017-12-08 17:12:00
16k-25k,上海,3-5年,闵行区,15-50人,苏州体素信息科技有限公司,医疗健康,"专项奖金,交通补助,","云计算,后端开发,linux,docker,",开发/测试/运维类,"年底双薪,弹性工作,发展空间大,带薪年假",Web后端工程师(Python),本科,A轮,2017-12-19 09:19:16
16k-22k,上海,3-5年,浦东新区,500-2000人,上海聚力传媒技术有限公司,文化娱乐,"技能培训,绩效奖金,岗位晋升,扁平管理,","视频,",开发/测试/运维类,公司平台大，氛围好，餐补交补,Python研发工程师(爬虫方向),本科,D轮及以上,2017-12-20 09:56:18
10k-20k,上海,3-5年,浦东新区,15-50人,浙江自贸区愿景投资管理合伙企业（有限合伙）,"教育,其他",""""",","教育,专家,",开发/测试/运维类,"AI,VI",Python课程讲师,硕士,未融资,2017-11-22 16:32:00
15k-22k,上海,3-5年,黄浦区,150-500人,上海阿牛信息科技有限公司,"金融,移动互联网","技能培训,节日礼物,岗位晋升,年度旅游,","Java,后端,",开发/测试/运维类,"互联网金融,分布式爬虫,容器化运维,技术氛围优",高级Python开发工程师（爬虫向）,本科,B轮,2017-12-20 10:11:26
15k-25k,上海,3-5年,徐汇区,150-500人,上海好体信息科技有限公司,"移动互联网,电子商务","年底双薪,股票期权,扁平管理,领导好,","云计算,软件开发,Java,MySQL,后端,",开发/测试/运维类,五险一金,高级PHP开发工程师（python）,本科,B轮,2017-12-20 17:21:57
10k-15k,上海,1-3年,杨浦区,15-50人,上海灵兮信息科技有限公司,"移动互联网,企业服务","节日礼物,股票期权,带薪年假,年度旅游,","中级,NLP,数据挖掘,算法,",开发/测试/运维类,"团队氛围好,股权期权,零食随便吃,理论与实战",Python 机器学习研发工程师,本科,A轮,2017-12-15 17:45:28
10k-18k,上海,3-5年,浦东新区,50-150人,上海掌玩互娱网络科技股份有限公司,游戏,"节日礼物,专项奖金,带薪年假,绩效奖金,","python服务器端,",技术,五险一金 弹性工作,python服务端程序,本科,A轮,2017-12-19 17:04:36
13k-23k,上海,1-3年,长宁区,500-2000人,人人贷商务顾问（北京）有限公司,金融,"绩效奖金,年底双薪,五险一金,交通补助,","中级,初级,",开发/测试/运维类,知名公司,爬虫工程师（python）,本科,A轮,2017-12-20 19:41:17
15k-25k,上海,3-5年,浦东新区,2000人以上,善林（上海）金融信息服务有限公司,金融,"带薪年假,绩效奖金,岗位晋升,帅哥多,","征信,中级,数据分析,数据挖掘,",开发/测试/运维类,季度奖/年终福利/新办公环境/发展好,python爬虫高级工程师,大专,不需要融资,2017-12-20 09:22:47
20k-40k,上海,3-5年,浦东新区,150-500人,上海积善商务咨询有限公司,"移动互联网,信息安全",""""",","高级,算法,深度学习,机器学习,自然语言处理,",产品/需求/项目类,"高薪,高能,自由活跃",Python NLP工程师/数据工程师,本科,不需要融资,2017-12-21 08:48:25
10k-20k,上海,3-5年,浦东新区,50-150人,上海中畅信息科技有限公司,"金融 ,数据服务","技能培训,年度旅游,岗位晋升,管理规范,","软件开发,设计,web,HTML,",开发/测试/运维类,"商业保险,年度体检,旅游,活动丰富",云平台软件工程师（Java/Python）,本科,未融资,2017-12-15 09:50:05
8k-15k,上海,1-3年,静安区,15-50人,上海众端网络科技有限公司,"移动互联网,广告营销","绩效奖金,带薪年假,技能培训,弹性工作,","web前端,HTML,JavaScript,",开发/测试/运维类,"发展潜力,核心业务,创业团队",Python前端工程师,大专,天使轮,2017-12-16 16:18:30
15k-22k,上海,3-5年,浦东新区,50-150人,上海橙金信息科技有限公司,"电子商务,O2O",,"云计算,Java,",开发/测试/运维类,"大牛多,氛围好,福利丰厚,年轻化",Python工程师（爬虫）,本科,不需要融资,2017-11-21 15:24:42
10k-20k,上海,不限,徐汇区,少于15人,上海数旦信息技术有限公司,"移动互联网,金融","绩效奖金,股票期权,定期体检,年度旅游,","金融,数据分析,机器学习,深度学习,大数据,",开发/测试/运维类,"免费零食,员工旅游,家人体检",python数据挖掘工程师,本科,A轮,2017-12-19 15:51:40
10k-20k,上海,1-3年,静安区,50-150人,壹沓科技（上海）有限公司,"数据服务,广告营销",,"Java,",开发/测试/运维类,"股票期权,美女多,零食多,上升空间",Python爬虫开发工程师,本科,未融资,2017-11-30 16:17:29
15k-30k,上海,3-5年,杨浦区,50-150人,上海勃池信息技术有限公司,"金融,数据服务","股票期权,扁平管理,岗位晋升,五险一金,","软件开发,大数据,数据挖掘,",开发/测试/运维类,"年底双薪,地铁周边,发展空间大,周末双休",高级爬虫工程师（Java/Python方向）,本科,天使轮,2017-12-20 11:43:26
12k-20k,上海,3-5年,浦东新区,15-50人,上海杉科机器人科技有限公司,电子商务,,"资深,C/C++,Java,人工智能领域,",开发/测试/运维类,"五险一金,各种福利,挑战性,团队优秀","高级系统分析师（C++,Python）",本科,未融资,2017-11-21 09:34:57
15k-25k,上海,3-5年,浦东新区,150-500人,我查查信息技术（上海）有限公司,移动互联网,"技能培训,年底双薪,绩效奖金,岗位晋升,",,开发/测试/运维类,"亿级APP,福利待遇好,办公环境好,年底多薪",iOS工程师（会PHP或Python优先）,本科,不需要融资,2017-12-18 15:38:44
12k-18k,上海,3-5年,浦东新区,2000人以上,腾讯科技(北京)有限公司,移动互联网,"节日礼物,技能培训,免费娱乐设施,岗位晋升,","媒体,社交,大数据,Java,MySQL,",开发/测试/运维类,"大数据,Vue",web后端开发(PHP，python),本科,上市公司,2017-12-13 16:54:30
15k-20k,上海,1-3年,浦东新区,150-500人,上海积善商务咨询有限公司,"移动互联网,信息安全",""""",","中级,",开发/测试/运维类,"高薪,高能,自由活跃",Python工程师（爬虫）,本科,不需要融资,2017-12-21 08:48:25
20k-30k,上海,3-5年,静安区,50-150人,壹沓科技（上海）有限公司,"数据服务,广告营销",,"征信,Java,flask,scrappy,",开发/测试/运维类,"年度旅游,股票期权,美女多,不打卡",高级Python爬虫开发工程师,本科,未融资,2017-12-14 13:36:36
18k-25k,上海,3-5年,浦东新区,2000人以上,北京塔塔信息咨询有限公司,金融,"年底双薪,带薪年假,岗位晋升,定期体检,","中级,mfc,qt,VB,",开发/测试/运维类,"外资投行,福利完善,项目稳定,流程规范",软件工程师Perl/python/C++/java,本科,上市公司,2017-12-04 18:20:03
10k-20k,上海,1-3年,静安区,少于15人,上海芝诺网络科技有限公司,"移动互联网,社交网络","股票期权,带薪年假,绩效奖金,岗位晋升,","运营,php,web,",开发/测试/运维类,"靠谱团队,项目前景好,合伙人,有融资",Python-创业合伙人,不限,天使轮,2017-12-18 09:53:47
10k-15k,上海,3-5年,闵行区,15-50人,上海材参信息技术有限公司,数据服务,,"js,Java,",开发/测试/运维类,"上升空间大,弹性工时,小吃茶饮,肺腑团建",后端开发工程师（Ruby/PHP/Python/N,本科,未融资,2017-11-21 17:45:58
12k-20k,上海,1-3年,杨浦区,500-2000人,上海优刻得信息科技有限公司,"数据服务,企业服务","节日礼物,技能培训,股权激励计划,代码改变世界,","硬件制造,后端开发,linux,",开发/测试/运维类,"技术挑战,奖金丰厚,弹性工作,公司D轮",OPL-python运维开发J10605,本科,D轮及以上,2017-12-21 01:07:25
10k-20k,上海,1-3年,杨浦区,500-2000人,上海优刻得信息科技有限公司,"数据服务,企业服务","节日礼物,技能培训,股权激励计划,代码改变世界,","云计算,开发工程师,",技术,快速发展,UMCloud-Python后端工程师,本科,D轮及以上,2017-12-21 01:07:27
15k-25k,上海,1-3年,普陀区,2000人以上,拉扎斯网络科技（上海）有限公司,移动互联网,"节日礼物,绩效奖金,年度旅游,岗位晋升,","本地生活,",开发/测试/运维类,弹性工作制 发展空间 年终奖,Python开发工程师（机器学习）,不限,D轮及以上,2017-12-20 15:44:57
15k-25k,上海,1-3年,普陀区,2000人以上,拉扎斯网络科技（上海）有限公司,移动互联网,"节日礼物,绩效奖金,年度旅游,岗位晋升,","本地生活,",开发/测试/运维类,弹性工作制 年终奖 发展空间 节日福利,Python开发工程师（全栈）,不限,D轮及以上,2017-12-20 15:44:57
12k-24k,上海,1-3年,杨浦区,500-2000人,上海优刻得信息科技有限公司,"数据服务,企业服务","节日礼物,技能培训,股权激励计划,代码改变世界,","Node.js,",技术,快速发展,C++/Php/Python/Nodejs开发工程师,本科,D轮及以上,2017-12-21 01:07:26
